celeb_id	celeb_name	gender	nationality	set
id11211	Vince_Gilligan	m	USA	dev
id10171	Clive_Owen	m	UK	dev
id10801	Michael_C._Hall	m	USA	dev
id10699	Lisa_Whelchel	f	USA	dev
id10674	Lauryn_Hill	f	USA	dev
id11063	Selma_Blair	f	USA	dev
id10675	Lavell_Crawford	m	USA	dev
id10501	Jillian_Michaels	f	USA	dev
id10140	Chadwick_Boseman	m	USA	dev
id10722	Maggie_Gyllenhaal	f	USA	dev
id11234	William_Fichtner	m	USA	dev
id11217	Walter_Matthau	m	USA	dev
id11069	Seth_Meyers	m	USA	dev
id10688	Lin_Shaye	f	USA	dev
id10445	Jasika_Nicole	f	USA	dev
id10002	A.R._Rahman	m	India	dev
id10295	Eric_Dane	m	USA	test
id10642	Kevin_Clash	m	USA	dev
id11115	Sterling_Knight	m	USA	dev
id11181	Tom_Bergeron	m	USA	dev
id11131	Susan_Lucci	f	USA	dev
id10751	Mark_Gatiss	m	UK	dev
id10044	America_Ferrera	f	USA	dev
id11116	Steve_Burton	m	USA	dev
id10502	Jim_Broadbent	m	UK	dev
id10432	Jana_Kramer	f	USA	dev
id10414	Jake_T._Austin	m	USA	dev
id10994	Robert_Sheehan	m	Ireland	dev
id10717	Lucy_Punch	f	UK	dev
id10202	Dave_Foley	m	Canada	dev
id10416	James_Badge_Dale	m	USA	dev
id10588	Kat_Dennings	f	USA	dev
id10624	Kelli_Giddish	f	USA	dev
id11004	Rory_Kennedy	f	USA	dev
id11092	Sienna_Guillory	f	UK	dev
id10070	Armie_Hammer	m	USA	dev
id10957	Randolph_Mantooth	m	USA	dev
id10072	Ashley_Greene	f	USA	dev
id11020	Ryan_Phillippe	m	USA	dev
id10296	Eric_McCormack	m	USA	test
id10859	Nate_Parker	m	USA	dev
id10760	Martin_Henderson	m	New Zealand	dev
id10686	Lily_Cole	f	UK	dev
id10556	Jordana_Brewster	f	USA	dev
id10353	Gugu_Mbatha-Raw	f	UK	dev
id10875	Nick_Thune	m	USA	dev
id10941	Pooja_Kumar	f	India	dev
id10395	Iwan_Rheon	m	UK	dev
id11218	Walton_Goggins	m	USA	dev
id10628	Kelly_Monaco	f	USA	dev
id10365	Harvey_Keitel	m	USA	dev
id10169	Claudia_Lee	f	USA	dev
id10078	Barbara_Eden	f	USA	dev
id10630	Kelly_Rutherford	f	USA	dev
id11143	Tamera_Mowry-Housley	f	USA	dev
id10495	Jessica_De_Gouw	f	Australia	dev
id11053	Scott_Speedman	m	Canada	dev
id10532	John_Hurt	m	UK	dev
id10185	Dan_Aykroyd	m	Canada	dev
id10079	Barbara_Hershey	f	USA	dev
id10320	Francia_Raisa	f	USA	dev
id10415	Jamel_Debbouze	m	Norway	dev
id10826	Milla_Jovovich	f	Russia	dev
id11232	Willem_Dafoe	m	USA	dev
id10899	Olivia_Wilde	f	USA	dev
id11103	Spencer_Boldman	m	USA	dev
id10424	James_Maslow	m	USA	dev
id10475	Jennifer_Coolidge	f	USA	dev
id10243	Diego_Klattenhoff	m	Canada	dev
id10682	Leonor_Watling	f	Spain	dev
id10944	Prince	m	USA	dev
id11097	Skylar_Astin	m	USA	dev
id10405	Jack_Whitehall	m	UK	dev
id10408	Jacqueline_Fernandez	f	Sri Lanka	dev
id10172	Colin_Donnell	m	USA	dev
id10645	Kid_Rock	m	USA	dev
id10499	Jill_Scott	f	USA	dev
id10435	Janel_Parrish	f	USA	dev
id10786	Meat_Loaf	m	USA	dev
id10157	Chris_Martin	m	UK	dev
id10412	Jake_Abel	m	USA	dev
id10684	Leslie_Bibb	f	USA	dev
id11049	Sarah_Wayne_Callies	f	USA	dev
id10592	Kate_Mara	f	USA	dev
id10319	Forest_Whitaker	m	USA	dev
id10472	Jennette_McCurdy	f	USA	dev
id10546	Johnathon_Schaech	m	USA	dev
id10727	Manish_Dayal	m	USA	dev
id11195	Tye_Sheridan	m	USA	dev
id10806	Michael_Jai_White	m	USA	dev
id10423	James_Marsden	m	USA	dev
id11220	Wendell_Pierce	m	USA	dev
id10964	Reggie_Lee	m	Philippines	dev
id11057	Sean_Maher	m	USA	dev
id11105	Stan_Lee	m	USA	dev
id11100	Sonam_Kapoor	f	India	dev
id10375	Hill_Harper	m	USA	dev
id10120	Callan_McAuliffe	m	Australia	dev
id11127	Stevie_Wonder	m	USA	dev
id10848	Nadia_Bjorlin	f	USA	dev
id10258	Doutzen_Kroes	f	Netherlands	dev
id10014	Adrianne_Palicki	f	USA	dev
id10045	Amitabh_Bachchan	m	India	dev
id11148	Tatiana_Maslany	f	Canada	dev
id10641	Kevin_Bacon	m	USA	dev
id11006	Roshon_Fegan	m	USA	dev
id10698	Lisa_Rinna	f	USA	dev
id10135	Caterina_Scorsone	f	Canada	dev
id10406	Jacob_Latimore	m	USA	dev
id10251	Donald_Sutherland	m	Canada	dev
id10536	John_Lloyd_Young	m	USA	dev
id11033	Samira_Wiley	f	USA	dev
id10438	Janet_Montgomery	f	UK	dev
id10181	Dakota_Fanning	f	USA	dev
id10505	Jim_Sturgess	m	UK	dev
id10391	Ingrid_Bergman	f	Sweden	dev
id10069	Armand_Assante	m	USA	dev
id11118	Steve_Harvey	m	USA	dev
id10856	Natalie_Portman	f	USA	dev
id10516	Joel_Edgerton	m	Australia	dev
id10973	Richard_E._Grant	m	UK	dev
id10923	Paul_Gross	m	Canada	dev
id10057	Andy_Samberg	m	USA	dev
id10742	Marie_Osmond	f	USA	dev
id10977	Ricky_Gervais	m	UK	dev
id10743	Mariel_Hemingway	f	USA	dev
id10103	Brenda_Blethyn	f	UK	dev
id10378	Howie_Mandel	m	Canada	dev
id10235	Derek_Jacobi	m	UK	dev
id10461	Jeff_Daniels	m	USA	dev
id10074	Audra_McDonald	f	USA	dev
id10058	Aneurin_Barnard	m	UK	dev
id10985	Rob_Dyrdek	m	USA	dev
id10468	Jen_Lilley	f	USA	dev
id10846	MyAnna_Buring	f	Sweden	dev
id11162	Theo_Rossi	m	USA	dev
id10306	Eva_Green	f	Norway	test
id10788	Meghan_Trainor	f	USA	dev
id10542	John_Simm	m	UK	dev
id11208	Victoria_Rowell	f	USA	dev
id10383	Hunter_Parrish	m	USA	dev
id10203	David_Attenborough	m	UK	dev
id10603	Katheryn_Winnick	f	Canada	dev
id11126	Steven_Yeun	m	USA	dev
id10840	Molly_Shannon	f	USA	dev
id10823	Mila_Kunis	f	USA	dev
id10094	Blake_Michael	m	USA	dev
id11104	Stacy_Keach	m	USA	dev
id10065	Anthony_Rapp	m	USA	dev
id10264	Drew_Carey	m	USA	dev
id10759	Martin_Clunes	m	UK	dev
id10844	Morena_Baccarin	f	Brazil	dev
id10095	Blake_Shelton	m	USA	dev
id10935	Peter_Jackson	m	New Zealand	dev
id10873	Nichelle_Nichols	f	USA	dev
id10795	Melody_Thomas_Scott	f	USA	dev
id10986	Rob_Reiner	m	USA	dev
id10555	Jordan_Gavaris	m	Canada	dev
id10622	Kellan_Lutz	m	USA	dev
id11246	Zachary_Gordon	m	USA	dev
id11206	Vicky_McClure	f	UK	dev
id10335	Gillian_Jacobs	f	USA	dev
id10322	Freddie_Highmore	m	UK	dev
id11199	Usher_Raymond	m	USA	dev
id10500	Jillian_Harris	f	Canada	dev
id10105	Brett_Davern	m	USA	dev
id10864	Nazanin_Boniadi	f	USA	dev
id11191	Tristan_Wilds	m	USA	dev
id10697	Lisa_Ray	f	Canada	dev
id11132	Susanne_Bier	f	Denmark	dev
id10857	Natalie_Zea	f	USA	dev
id10547	Johnny_Galecki	m	USA	dev
id10067	Antonio_Cupo	m	Canada	dev
id10583	Kangana_Ranaut	f	India	dev
id10762	Martin_Shaw	m	UK	dev
id10579	Julie_Gonzalo	f	USA	dev
id10207	David_Harewood	m	UK	dev
id10321	Fred_Williamson	m	USA	dev
id10046	Amy_Poehler	f	USA	dev
id10106	Brian_Blessed	m	UK	dev
id10433	Jane_Badler	f	USA	dev
id11173	Tim_Minchin	m	Australia	dev
id10446	Jasmine_Guy	f	USA	dev
id11231	Will_Yun_Lee	m	USA	dev
id10629	Kelly_Reilly	f	UK	dev
id11235	William_Levy	m	USA	dev
id10124	Candice_Accola	f	USA	dev
id10225	Dawn_French	f	UK	dev
id10469	Jenifer_Lewis	f	USA	dev
id10710	Louis_C.K.	m	USA	dev
id10528	John_Gallagher_Jr.	m	USA	dev
id11245	Zach_Galifianakis	m	USA	dev
id10004	Aaron_Tveit	m	USA	dev
id10130	Carrie_Underwood	f	USA	dev
id10845	Moritz_Bleibtreu	m	Germany	dev
id10213	David_Lyons	m	Australia	dev
id10008	Abigail_Spencer	f	USA	dev
id10298	Erik_Estrada	m	USA	test
id10123	Candace_Cameron_Bure	f	USA	dev
id10372	Henry_Cavill	m	UK	dev
